{
  "project_info": {
    "project_number": "491732966416",
    "firebase_url": "https://cbtgps.firebaseio.com",
    "project_id": "cbtgps",
    "storage_bucket": "cbtgps.appspot.com"
  },
  "client": [
    {
      "client_info": {
        "mobilesdk_app_id": "1:491732966416:android:2da2fac53ad0695d",
        "android_client_info": {
          "package_name": "com.sis.cbtgps"
        }
      },
      "oauth_client": [],
      "api_key": [
        {
          "current_key": "AIzaSyD72pMh9OsoN-YNKNorU09Opjp3Z-E1dFM"
        }
      ],
      "services": {
        "appinvite_service": {
          "other_platform_oauth_client": []
        }
      }
    }
  ],
  "configuration_version": "1"
}